{
  "lang":"en",
  "name":"pipeline",
  "version":"0.0.0",
  "spacy_version":">=3.7.4,<3.8.0",
  "description":"",
  "author":"",
  "email":"",
  "url":"",
  "license":"",
  "spacy_git_version":"bff8725f4",
  "vectors":{
    "width":0,
    "vectors":0,
    "keys":0,
    "name":null,
    "mode":"default"
  },
  "labels":{
    "tok2vec":[

    ],
    "ner":[
      "HOW",
      "WHAT",
      "WHO_ORG",
      "WHO_Person",
      "WHO_Unknown"
    ]
  },
  "pipeline":[
    "tok2vec",
    "ner"
  ],
  "components":[
    "tok2vec",
    "ner"
  ],
  "disabled":[

  ],
  "performance":{
    "ents_f":0.8892628745,
    "ents_p":0.9054146676,
    "ents_r":0.8736772487,
    "ents_per_type":{
      "HOW":{
        "p":0.8763736264,
        "r":0.8461538462,
        "f":0.8609986505
      },
      "WHO_ORG":{
        "p":0.9074074074,
        "r":0.8794871795,
        "f":0.8932291667
      },
      "WHAT":{
        "p":0.915282392,
        "r":0.8830128205,
        "f":0.898858075
      },
      "WHO_Person":{
        "p":0.9385964912,
        "r":0.906779661,
        "f":0.9224137931
      },
      "WHO_Unknown":{
        "p":1.0,
        "r":0.3333333333,
        "f":0.5
      }
    },
    "tok2vec_loss":630.0953854808,
    "ner_loss":4446.0208623651
  }
}